temperature,humidity,soil_moisture
31.30000,35.00000,28
31.30000,35.00000,30
31.30000,35.00000,42
31.80000,35.00000,27
31.80000,35.00000,34
31.80000,35.00000,26
31.80000,35.00000,24
